,embd_size,Mlp_relu,Mlp_sigm
0,64,0.7458968524464299,0.7372060273398251
1,128,0.737050803658195,0.7271572634080378
2,256,0.7523080860340006,0.7458292506004611
3,None,0.775770184063659,0.7795480164596774
4,sqrt,0.7455121833771752,0.7501635361067872
