,model,mean_performance
0,CatBoost,-0.05140664171899478
1,LCN,-0.05259104866692921
2,LGBM,-0.07112896564920068
3,LLN,-0.06186947528525366
4,Mlp_relu,-0.06442160377660333
5,Mlp_sigm,-0.054770727780099504
6,SK_decisionTree,-0.055087331595214395
7,SK_gradBoost,-0.050160313901563613
8,SK_histGradBoost,-0.04696451385694966
9,SK_randomForest,-0.05378233076390471
10,XGBoost,-0.04979893992319295
